{
 "model": "lightgbm",
 "config": {
  "n_estimators": 300,
  "learning_rate": 0.05,
  "num_leaves": 31,
  "min_child_samples": 20,
  "subsample": 0.9,
  "colsample_bytree": 0.9,
  "class_weight": "balanced",
  "random_state": 0,
  "deterministic": true
 },
 "n_train_rows": 16178,
 "train_rows_by_dataset": {
  "trivia_qa": 3000,
  "popqa": 3000,
  "squad_v2": 3000,
  "halubench": 1692,
  "medhallu": 487,
  "esconv": 499,
  "hotpotqa": 2500,
  "drop": 2000
 },
 "train_error_rate": 0.3388552355050068,
 "train_input": "stage1_features.jsonl",
 "families": {
  "combined": {
   "feature_names": [
    "bl_answer_len",
    "bl_first_token_logprob",
    "bl_mean_logprob",
    "bl_min_logprob",
    "ent_early",
    "ent_late",
    "ent_max_jump",
    "ent_mid",
    "ent_n_dir_changes",
    "ent_slope",
    "ent_std",
    "pfx_ent_delta",
    "pfx_ent_max",
    "pfx_ign_delta",
    "pfx_ign_min",
    "pfx_rank_delta",
    "pfx_rank_max",
    "shape_eff_k20_late",
    "shape_eff_k20_mean",
    "shape_rival_mass_late",
    "shape_rival_mass_mean",
    "shape_tail_mass_late",
    "shape_tail_mass_mean",
    "shape_top1_p_late",
    "shape_top1_p_mean",
    "ws_band_agreement",
    "ws_best_hedge_rank_log",
    "ws_ignition_depth",
    "ws_ignition_frac",
    "ws_mean_entropy",
    "ws_mean_log_rank_answer"
   ],
   "scaler_mean": [
    25.05315861045865,
    -0.17759722063044153,
    -0.08564728337698219,
    -0.48999179390064196,
    3.5097295571145843,
    0.9656747148905885,
    7.757507380393137,
    3.03901574823834,
    11.530226233156139,
    -0.14915573044714436,
    2.636601144511192,
    1.8378779996397074,
    4.923152761911201,
    0.08033028392467027,
    0.00029103309020480473,
    -1.4201457888984148,
    11.621967572434453,
    1.158498578316299,
    1.7895239986401315,
    0.009992559648905977,
    0.06649042364630987,
    0.18729164729880263,
    0.20976582916100103,
    0.7987580541476109,
    0.7068893354143501,
    4.1208225161742274e-05,
    6.883650860813349,
    0.9967934849796067,
    0.0019239090122388518,
    2.5048066260266064,
    11.43785334412124
   ],
   "scaler_scale": [
    25.45752716643542,
    0.3038479080200517,
    0.12534207789154353,
    0.4248399498109823,
    0.33524849721297684,
    0.9562015363239469,
    0.549182723788699,
    0.8816967083352109,
    1.3023491088733605,
    0.06205867710386437,
    0.18028191312289407,
    1.2330816974614625,
    1.247578195138596,
    0.08776144271626778,
    0.003823243723796051,
    1.3042709158780594,
    0.5031065175799508,
    1.0173983493160113,
    0.3744807895526155,
    0.024155810061547933,
    0.02068268434655756,
    0.2670197887905251,
    0.05641887335486946,
    0.28315736218053245,
    0.07617318205238348,
    0.0019650885453565345,
    2.060719749069122,
    0.035426640578511824,
    0.013619528088853259,
    0.632161754132111,
    0.7096851345082171
   ],
   "model_sha256": "e5a8892789e1965f4e04c50430b1685db45b9393c72768f497d961b7f3efc859"
  },
  "logprob": {
   "feature_names": [
    "bl_answer_len",
    "bl_first_token_logprob",
    "bl_mean_logprob",
    "bl_min_logprob"
   ],
   "scaler_mean": [
    25.05315861045865,
    -0.17759722063044153,
    -0.08564728337698219,
    -0.48999179390064196
   ],
   "scaler_scale": [
    25.45752716643542,
    0.3038479080200517,
    0.12534207789154353,
    0.4248399498109823
   ],
   "model_sha256": "e77a3b8c23705787b5265068374dee71a065d38c366c2cb430fb5cafe497e29d"
  },
  "workspace": {
   "feature_names": [
    "ent_early",
    "ent_late",
    "ent_max_jump",
    "ent_mid",
    "ent_n_dir_changes",
    "ent_slope",
    "ent_std",
    "pfx_ent_delta",
    "pfx_ent_max",
    "pfx_ign_delta",
    "pfx_ign_min",
    "pfx_rank_delta",
    "pfx_rank_max",
    "shape_eff_k20_late",
    "shape_eff_k20_mean",
    "shape_rival_mass_late",
    "shape_rival_mass_mean",
    "shape_tail_mass_late",
    "shape_tail_mass_mean",
    "shape_top1_p_late",
    "shape_top1_p_mean",
    "ws_band_agreement",
    "ws_best_hedge_rank_log",
    "ws_ignition_depth",
    "ws_ignition_frac",
    "ws_mean_entropy",
    "ws_mean_log_rank_answer"
   ],
   "scaler_mean": [
    3.5097295571145843,
    0.9656747148905885,
    7.757507380393137,
    3.03901574823834,
    11.530226233156139,
    -0.14915573044714436,
    2.636601144511192,
    1.8378779996397074,
    4.923152761911201,
    0.08033028392467027,
    0.00029103309020480473,
    -1.4201457888984148,
    11.621967572434453,
    1.158498578316299,
    1.7895239986401315,
    0.009992559648905977,
    0.06649042364630987,
    0.18729164729880263,
    0.20976582916100103,
    0.7987580541476109,
    0.7068893354143501,
    4.1208225161742274e-05,
    6.883650860813349,
    0.9967934849796067,
    0.0019239090122388518,
    2.5048066260266064,
    11.43785334412124
   ],
   "scaler_scale": [
    0.33524849721297684,
    0.9562015363239469,
    0.549182723788699,
    0.8816967083352109,
    1.3023491088733605,
    0.06205867710386437,
    0.18028191312289407,
    1.2330816974614625,
    1.247578195138596,
    0.08776144271626778,
    0.003823243723796051,
    1.3042709158780594,
    0.5031065175799508,
    1.0173983493160113,
    0.3744807895526155,
    0.024155810061547933,
    0.02068268434655756,
    0.2670197887905251,
    0.05641887335486946,
    0.28315736218053245,
    0.07617318205238348,
    0.0019650885453565345,
    2.060719749069122,
    0.035426640578511824,
    0.013619528088853259,
    0.632161754132111,
    0.7096851345082171
   ],
   "model_sha256": "b535d47fe7c9f0889fd1aee5ed1b7bc0fb0a5dc49fe37fb77ec36b485dd559d6"
  }
 }
}