{
 "bl_first_token_logprob": [
  -0.19050464271170248,
  0.35753965219849265
 ],
 "bl_mean_logprob": [
  -0.10013178506882005,
  0.05862577258180529
 ],
 "bl_min_logprob": [
  -0.9847056640312075,
  0.44576004964945837
 ],
 "bl_answer_len": [
  22.448,
  3.824041841775281
 ],
 "ws_mean_entropy": [
  3.1670226,
  0.4926384949775577
 ],
 "ws_max_entropy": [
  9.0091194,
  0.4689225964074297
 ],
 "ws_late_entropy": [
  1.6829036000000002,
  1.3166819057536843
 ],
 "ws_entropy_slope": [
  -0.10617871704347837,
  0.09380628862207989
 ],
 "ws_entropy_std": [
  2.8437363132300453,
  0.18826509259309385
 ],
 "ws_ignition_frac": [
  0.00375,
  0.030898018735770687
 ],
 "ws_ignition_depth": [
  0.9903333333333334,
  0.0878186272196757
 ],
 "ws_mean_log_rank": [
  11.018422225977007,
  0.9026169873614571
 ],
 "ws_band_agreement": [
  8.333333333333333e-05,
  0.0018615266586407228
 ],
 "ws_hedge_rank": [
  7.224672026869208,
  1.2596939114506407
 ]
}
