{
 "pooled|logprob": {
  "auc": 0.7825155940780081,
  "ci": [
   0.7609823461369276,
   0.8021322304804933
  ]
 },
 "pooled|workspace": {
  "auc": 0.8215887171522332,
  "ci": [
   0.8013206657996167,
   0.8417481760779136
  ]
 },
 "pooled|combined": {
  "auc": 0.8461684911946692,
  "ci": [
   0.8278344414126583,
   0.8630945049438937
  ]
 },
 "logo|gemma-4-e4b-it|logprob|strict": {
  "auc": 0.7074864387948502,
  "ci": [
   0.6654162360236499,
   0.7532603430508822
  ]
 },
 "logo|gemma-4-e4b-it|logprob|unlabeled": {
  "auc": 0.6699235344095158,
  "ci": [
   0.6263072798274758,
   0.7165145069324069
  ]
 },
 "logo|gemma-4-e4b-it|workspace|strict": {
  "auc": 0.7054114110188876,
  "ci": [
   0.659624880985685,
   0.7499564203268164
  ]
 },
 "logo|gemma-4-e4b-it|workspace|unlabeled": {
  "auc": 0.7397555715312725,
  "ci": [
   0.6961242814269991,
   0.7829167761320748
  ]
 },
 "logo|gemma-4-e4b-it|combined|strict": {
  "auc": 0.7328279197438077,
  "ci": [
   0.690594358008636,
   0.7751811093185121
  ]
 },
 "logo|gemma-4-e4b-it|combined|unlabeled": {
  "auc": 0.7727109339258873,
  "ci": [
   0.734067475489892,
   0.8149905884216954
  ]
 },
 "logo|gemma-4-12b-it|logprob|strict": {
  "auc": 0.6892289959016394,
  "ci": [
   0.6404187668849887,
   0.7349184804943336
  ]
 },
 "logo|gemma-4-12b-it|logprob|unlabeled": {
  "auc": 0.6837218237704918,
  "ci": [
   0.6373527125485514,
   0.7267167201586043
  ]
 },
 "logo|gemma-4-12b-it|workspace|strict": {
  "auc": 0.7929527407786885,
  "ci": [
   0.7530226601729971,
   0.8330824673799303
  ]
 },
 "logo|gemma-4-12b-it|workspace|unlabeled": {
  "auc": 0.7931768698770492,
  "ci": [
   0.7552286876707313,
   0.8292535124966495
  ]
 },
 "logo|gemma-4-12b-it|combined|strict": {
  "auc": 0.7946817366803278,
  "ci": [
   0.7544556337005776,
   0.8347693103709771
  ]
 },
 "logo|gemma-4-12b-it|combined|unlabeled": {
  "auc": 0.8236264088114753,
  "ci": [
   0.7855260818360902,
   0.8578367842902568
  ]
 },
 "logo|huihui-gemma-4-12b-it-abliterated|logprob|strict": {
  "auc": 0.6710837974521477,
  "ci": [
   0.6233185567658148,
   0.7175200751666065
  ]
 },
 "logo|huihui-gemma-4-12b-it-abliterated|logprob|unlabeled": {
  "auc": 0.7267300428909802,
  "ci": [
   0.6847036477847132,
   0.7681902969179475
  ]
 },
 "logo|huihui-gemma-4-12b-it-abliterated|workspace|strict": {
  "auc": 0.751136290890468,
  "ci": [
   0.7059651969394479,
   0.7957121134933686
  ]
 },
 "logo|huihui-gemma-4-12b-it-abliterated|workspace|unlabeled": {
  "auc": 0.8146885602714294,
  "ci": [
   0.7746285352525528,
   0.8523912099735758
  ]
 },
 "logo|huihui-gemma-4-12b-it-abliterated|combined|strict": {
  "auc": 0.7725817809359197,
  "ci": [
   0.7294516566061706,
   0.8166655086978198
  ]
 },
 "logo|huihui-gemma-4-12b-it-abliterated|combined|unlabeled": {
  "auc": 0.8305486204468344,
  "ci": [
   0.7921814739402265,
   0.8645113599081364
  ]
 },
 "logo|gemma-4-26b-a4b-it|logprob|strict": {
  "auc": 0.7165805182826016,
  "ci": [
   0.6639253164831621,
   0.7649385177799933
  ]
 },
 "logo|gemma-4-26b-a4b-it|logprob|unlabeled": {
  "auc": 0.7034929253902783,
  "ci": [
   0.6486999934033096,
   0.7567913845740725
  ]
 },
 "logo|gemma-4-26b-a4b-it|workspace|strict": {
  "auc": 0.6416749334307942,
  "ci": [
   0.5898878604217827,
   0.6910293408845777
  ]
 },
 "logo|gemma-4-26b-a4b-it|workspace|unlabeled": {
  "auc": 0.6790233035729825,
  "ci": [
   0.6242475345343271,
   0.7283222209002848
  ]
 },
 "logo|gemma-4-26b-a4b-it|combined|strict": {
  "auc": 0.7486207556692599,
  "ci": [
   0.6965501726722443,
   0.7931983622994652
  ]
 },
 "logo|gemma-4-26b-a4b-it|combined|unlabeled": {
  "auc": 0.6950347204093353,
  "ci": [
   0.6405255883331763,
   0.7418771122269081
  ]
 },
 "toqwen|logprob|strict": {
  "auc": 0.8171089916372933,
  "ci": [
   0.7796018457063743,
   0.8541604940781783
  ]
 },
 "toqwen|logprob|unlabeled": {
  "auc": 0.7953037528509227,
  "ci": [
   0.7509115041800208,
   0.8395598146884637
  ]
 },
 "toqwen|workspace|strict": {
  "auc": 0.6327320478263875,
  "ci": [
   0.5845739881724518,
   0.6806771773469392
  ]
 },
 "toqwen|workspace|unlabeled": {
  "auc": 0.5950134770889488,
  "ci": [
   0.5471352432272656,
   0.6435344910826878
  ]
 },
 "toqwen|combined|strict": {
  "auc": 0.7574642338793283,
  "ci": [
   0.7087352362750838,
   0.8001859898982542
  ]
 },
 "toqwen|combined|unlabeled": {
  "auc": 0.7338966065381161,
  "ci": [
   0.6870022483866686,
   0.7774943549420669
  ]
 }
}