{
 "results": {
  "8|native|z0|ext0": {
   "per_model": {
    "gemma-4-e4b-it": 0.8398470688190315,
    "gemma-4-12b-it": 0.8481045081967215,
    "huihui-gemma-4-12b-it-abliterated": 0.8502976762051087,
    "gemma-4-26b-a4b-it": 0.8075845385405245,
    "qwen3.6-27b": 0.8533243486073674
   },
   "mean": 0.8398316280737508
  },
  "8|native|z0|ext1": {
   "per_model": {
    "gemma-4-e4b-it": 0.8411541729298737,
    "gemma-4-12b-it": 0.845238857581967,
    "huihui-gemma-4-12b-it-abliterated": 0.8515780039690161,
    "gemma-4-26b-a4b-it": 0.8030943803407649,
    "qwen3.6-27b": 0.8554841385030064
   },
   "mean": 0.8393099106649256
  },
  "8|native|z1|ext0": {
   "per_model": {
    "gemma-4-e4b-it": 0.8398470688190315,
    "gemma-4-12b-it": 0.8481045081967215,
    "huihui-gemma-4-12b-it-abliterated": 0.8502976762051087,
    "gemma-4-26b-a4b-it": 0.8075845385405245,
    "qwen3.6-27b": 0.8532897919690372
   },
   "mean": 0.8398247167460846
  },
  "8|native|z1|ext1": {
   "per_model": {
    "gemma-4-e4b-it": 0.8411378341284883,
    "gemma-4-12b-it": 0.845238857581967,
    "huihui-gemma-4-12b-it-abliterated": 0.8515780039690161,
    "gemma-4-26b-a4b-it": 0.8030943803407649,
    "qwen3.6-27b": 0.8554841385030065
   },
   "mean": 0.8393066429046485
  },
  "8|resampled|z0|ext0": {
   "per_model": {
    "gemma-4-e4b-it": 0.8383275602901772,
    "gemma-4-12b-it": 0.8446305071721312,
    "huihui-gemma-4-12b-it-abliterated": 0.8531624095768516,
    "gemma-4-26b-a4b-it": 0.8107172070519849,
    "qwen3.6-27b": 0.8488838205819338
   },
   "mean": 0.8391443009346158
  },
  "8|resampled|z0|ext1": {
   "per_model": {
    "gemma-4-e4b-it": 0.841186850532645,
    "gemma-4-12b-it": 0.8443103227459017,
    "huihui-gemma-4-12b-it-abliterated": 0.8525382497919467,
    "gemma-4-26b-a4b-it": 0.8044518700290642,
    "qwen3.6-27b": 0.8552076853963647
   },
   "mean": 0.8395389956991843
  },
  "8|resampled|z1|ext0": {
   "per_model": {
    "gemma-4-e4b-it": 0.8383275602901772,
    "gemma-4-12b-it": 0.8446305071721312,
    "huihui-gemma-4-12b-it-abliterated": 0.8531624095768516,
    "gemma-4-26b-a4b-it": 0.8107172070519849,
    "qwen3.6-27b": 0.8488838205819338
   },
   "mean": 0.8391443009346158
  },
  "8|resampled|z1|ext1": {
   "per_model": {
    "gemma-4-e4b-it": 0.841186850532645,
    "gemma-4-12b-it": 0.8443103227459017,
    "huihui-gemma-4-12b-it-abliterated": 0.8525382497919467,
    "gemma-4-26b-a4b-it": 0.8044518700290642,
    "qwen3.6-27b": 0.8552422420346949
   },
   "mean": 0.8395459070268505
  },
  "32|native|z0|ext0": {
   "per_model": {
    "gemma-4-e4b-it": 0.8395856479968629,
    "gemma-4-12b-it": 0.8481845543032788,
    "huihui-gemma-4-12b-it-abliterated": 0.8503136803021574,
    "gemma-4-26b-a4b-it": 0.8077063645381924,
    "qwen3.6-27b": 0.8540673163314673
   },
   "mean": 0.8399715126943917
  },
  "32|native|z0|ext1": {
   "per_model": {
    "gemma-4-e4b-it": 0.8420037906019214,
    "gemma-4-12b-it": 0.8459752817622951,
    "huihui-gemma-4-12b-it-abliterated": 0.8513539466103323,
    "gemma-4-26b-a4b-it": 0.8037557214709619,
    "qwen3.6-27b": 0.8558297048863086
   },
   "mean": 0.8397836890663639
  },
  "32|native|z1|ext0": {
   "per_model": {
    "gemma-4-e4b-it": 0.8396019867982485,
    "gemma-4-12b-it": 0.8481845543032788,
    "huihui-gemma-4-12b-it-abliterated": 0.8503136803021574,
    "gemma-4-26b-a4b-it": 0.8077063645381924,
    "qwen3.6-27b": 0.8540845946506325
   },
   "mean": 0.839978236118502
  },
  "32|native|z1|ext1": {
   "per_model": {
    "gemma-4-e4b-it": 0.8420037906019214,
    "gemma-4-12b-it": 0.8459752817622951,
    "huihui-gemma-4-12b-it-abliterated": 0.8513539466103323,
    "gemma-4-26b-a4b-it": 0.8037557214709619,
    "qwen3.6-27b": 0.8558469832054739
   },
   "mean": 0.8397871447301968
  },
  "32|resampled|z0|ext0": {
   "per_model": {
    "gemma-4-e4b-it": 0.8383602378929482,
    "gemma-4-12b-it": 0.8446465163934427,
    "huihui-gemma-4-12b-it-abliterated": 0.8531784136739006,
    "gemma-4-26b-a4b-it": 0.8104039402008387,
    "qwen3.6-27b": 0.8489010989010988
   },
   "mean": 0.8390980414124458
  },
  "32|resampled|z0|ext1": {
   "per_model": {
    "gemma-4-e4b-it": 0.8412685445395727,
    "gemma-4-12b-it": 0.8443743596311475,
    "huihui-gemma-4-12b-it-abliterated": 0.8530983931886562,
    "gemma-4-26b-a4b-it": 0.8043822551732539,
    "qwen3.6-27b": 0.855276798673025
   },
   "mean": 0.839680070241131
  },
  "32|resampled|z1|ext0": {
   "per_model": {
    "gemma-4-e4b-it": 0.8383602378929482,
    "gemma-4-12b-it": 0.8446465163934427,
    "huihui-gemma-4-12b-it-abliterated": 0.8531784136739006,
    "gemma-4-26b-a4b-it": 0.8104039402008387,
    "qwen3.6-27b": 0.8489010989010988
   },
   "mean": 0.8390980414124458
  },
  "32|resampled|z1|ext1": {
   "per_model": {
    "gemma-4-e4b-it": 0.8412685445395727,
    "gemma-4-12b-it": 0.8443743596311475,
    "huihui-gemma-4-12b-it-abliterated": 0.8530983931886562,
    "gemma-4-26b-a4b-it": 0.8043822551732539,
    "qwen3.6-27b": 0.8552767986730251
   },
   "mean": 0.839680070241131
  },
  "64|native|z0|ext0": {
   "per_model": {
    "gemma-4-e4b-it": 0.8388013855303574,
    "gemma-4-12b-it": 0.8477202868852458,
    "huihui-gemma-4-12b-it-abliterated": 0.8502976762051084,
    "gemma-4-26b-a4b-it": 0.8073756939730938,
    "qwen3.6-27b": 0.8542919344806139
   },
   "mean": 0.8396973954148838
  },
  "64|native|z0|ext1": {
   "per_model": {
    "gemma-4-e4b-it": 0.8421018234102347,
    "gemma-4-12b-it": 0.8459912909836065,
    "huihui-gemma-4-12b-it-abliterated": 0.851481979386723,
    "gemma-4-26b-a4b-it": 0.8038253363267721,
    "qwen3.6-27b": 0.8558815398438039
   },
   "mean": 0.8398563939902279
  },
  "64|native|z1|ext0": {
   "per_model": {
    "gemma-4-e4b-it": 0.8388013855303574,
    "gemma-4-12b-it": 0.8477202868852458,
    "huihui-gemma-4-12b-it-abliterated": 0.8502976762051084,
    "gemma-4-26b-a4b-it": 0.8073756939730938,
    "qwen3.6-27b": 0.8542573778422835
   },
   "mean": 0.8396904840872177
  },
  "64|native|z1|ext1": {
   "per_model": {
    "gemma-4-e4b-it": 0.8421018234102347,
    "gemma-4-12b-it": 0.8459912909836065,
    "huihui-gemma-4-12b-it-abliterated": 0.851481979386723,
    "gemma-4-26b-a4b-it": 0.8038253363267721,
    "qwen3.6-27b": 0.855881539843804
   },
   "mean": 0.8398563939902279
  },
  "64|resampled|z0|ext0": {
   "per_model": {
    "gemma-4-e4b-it": 0.838017123063852,
    "gemma-4-12b-it": 0.8442302766393442,
    "huihui-gemma-4-12b-it-abliterated": 0.8531944177709493,
    "gemma-4-26b-a4b-it": 0.8107520144798901,
    "qwen3.6-27b": 0.8490393254544197
   },
   "mean": 0.839046631481691
  },
  "64|resampled|z0|ext1": {
   "per_model": {
    "gemma-4-e4b-it": 0.8405332984772237,
    "gemma-4-12b-it": 0.8444544057377049,
    "huihui-gemma-4-12b-it-abliterated": 0.8524102170155559,
    "gemma-4-26b-a4b-it": 0.8039297586104877,
    "qwen3.6-27b": 0.8558124265671435
   },
   "mean": 0.8394280212816231
  },
  "64|resampled|z1|ext0": {
   "per_model": {
    "gemma-4-e4b-it": 0.838017123063852,
    "gemma-4-12b-it": 0.8442302766393442,
    "huihui-gemma-4-12b-it-abliterated": 0.8531944177709493,
    "gemma-4-26b-a4b-it": 0.8107520144798901,
    "qwen3.6-27b": 0.8490393254544197
   },
   "mean": 0.839046631481691
  },
  "64|resampled|z1|ext1": {
   "per_model": {
    "gemma-4-e4b-it": 0.8405332984772237,
    "gemma-4-12b-it": 0.8444544057377049,
    "huihui-gemma-4-12b-it-abliterated": 0.8524102170155559,
    "gemma-4-26b-a4b-it": 0.8039297586104877,
    "qwen3.6-27b": 0.8558124265671435
   },
   "mean": 0.8394280212816231
  }
 },
 "best": "32|native|z1|ext0"
}